{
    "colors": [
        "c", "m", "y", "k", "w"
    ],
    "pure_cmykw_colors": [
        [1, 0, 0, 0, 0],  
        [0, 1, 0, 0, 0],  
        [0, 0, 1, 0, 0], 
        [0, 0, 0, 1, 0],  
        [0, 0, 0, 0, 1]
    ],
    "cmykw_save_color": [
        [0, 1, 1, 1],
        [1, 0, 1, 1],
        [1, 1, 0, 1],
        [0, 0, 0, 1],
        [1, 1, 1, 1]
    ],
    "density_rgb": [
        [2.883636819, 0.302264858, 0.193614904],
        [0.043354038, 8.749335941, 0.950262213],
        [0.0253694, 0.020829506, 2.294867001],
        [2.846568562, 3.071851834, 3.899442581],
        [2.807944551, 3.380290754, 5.646479876],
        [0, 0, 0]
    ],
    "density": [
        [0.568],
        [0.737],
        [0.526],
        [4.871],
        [3.482],
        [0]
    ],
    "color": [
        [0, 0.2, 0.6],
        [0.7, 0, 0.05],
        [1, 1, 0],
        [0, 0, 0],
        [0.8, 0.8, 0.8],
        [0, 0, 0]
    ]

}